date,count,directions,directions_lag1,directions_lag2,directions_lag3,directions_roll7,precip,temp,sun,wind,precip_lag1,is_weekend_or_holiday,weather_severity,dow_mean_count,weekend_x_severity,weekend_x_intent,month
2024-12-20,3778,2299.0,,,,2299.0,0.0,3.658333333333333,0.51,3.4916666666666667,,0,0,7220.118644067797,0,0.0,12
2024-12-21,7411,3070.0,2299.0,,,2684.5,10.5,6.433333333333334,0.16,6.495833333333334,0.0,1,2,11853.169491525423,2,3070.0,12
2024-12-22,5748,2890.0,3070.0,2299.0,,2753.0,16.0,4.783333333333333,0.13999999999999999,7.1875,10.5,1,2,12127.36507936508,2,2890.0,12
2024-12-23,3363,2279.0,2890.0,3070.0,2299.0,2634.5,12.0,3.216666666666667,0.08,4.495833333333334,16.0,0,2,8486.285714285714,0,0.0,12
2024-12-24,2835,2055.0,2279.0,2890.0,3070.0,2518.6,20.0,3.9583333333333335,0.04,3.033333333333333,12.0,0,2,6847.360655737705,0,0.0,12
2024-12-25,5189,2345.0,2055.0,2279.0,2890.0,2489.6666666666665,0.0,4.608333333333333,0.33999999999999997,4.3125,20.0,0,0,6192.406779661017,0,0.0,12
2024-12-26,3774,2704.0,2345.0,2055.0,2279.0,2520.285714285714,8.5,8.025,0.01,5.2875000000000005,0.0,0,1,6770.714285714285,0,0.0,12
2024-12-27,5116,3209.0,2704.0,2345.0,2055.0,2650.285714285714,15.5,5.520833333333333,0.14,5.345833333333334,8.5,0,2,7220.118644067797,0,0.0,12
2024-12-28,6610,4111.0,3209.0,2704.0,2345.0,2799.0,18.5,3.158333333333333,0.03,4.208333333333333,15.5,1,2,11853.169491525423,2,4111.0,12
2024-12-29,9074,4893.0,4111.0,3209.0,2704.0,3085.1428571428573,25.0,3.475,0.05,4.404166666666667,18.5,1,2,12127.36507936508,2,4893.0,12
2024-12-31,9548,2894.0,4893.0,4111.0,3209.0,3173.0,11.5,6.845833333333334,0.18,7.233333333333333,25.0,0,2,6847.360655737705,0,0.0,12
2025-01-01,11711,3490.0,2894.0,4893.0,4111.0,3378.0,0.0,5.954166666666667,0.32,3.8791666666666664,11.5,1,0,6192.406779661017,0,3490.0,1
2025-01-02,9684,6239.0,3490.0,2894.0,4893.0,3934.285714285714,7.0,5.854166666666667,0.12000000000000002,2.9166666666666665,0.0,0,1,6770.714285714285,0,0.0,1
2025-01-03,8443,5482.0,6239.0,3490.0,2894.0,4331.142857142857,19.5,4.058333333333334,0.09,4.583333333333333,7.0,0,2,7220.118644067797,0,0.0,1
2025-01-04,10351,4880.0,5482.0,6239.0,3490.0,4569.857142857143,1.5,3.7583333333333333,0.35,3.345833333333333,19.5,1,1,11853.169491525423,1,4880.0,1
2025-01-05,6061,4212.0,4880.0,5482.0,6239.0,4584.285714285715,11.0,4.416666666666667,0.4,4.925,1.5,1,2,12127.36507936508,2,4212.0,1
2025-01-06,2838,3248.0,4212.0,4880.0,5482.0,4349.285714285715,20.5,5.654166666666666,0.0,4.583333333333333,11.0,0,2,8486.285714285714,0,0.0,1
2025-01-07,2111,2972.0,3248.0,4212.0,4880.0,4360.428571428572,12.5,6.0125,0.039999999999999994,6.325,20.5,0,2,6847.360655737705,0,0.0,1
2025-01-08,1372,2867.0,2972.0,3248.0,4212.0,4271.428571428572,18.5,3.7416666666666667,0.06999999999999999,6.479166666666667,12.5,0,2,6192.406779661017,0,0.0,1
2025-01-09,1814,2941.0,2867.0,2972.0,3248.0,3800.285714285714,14.0,2.316666666666667,0.16,6.533333333333334,18.5,0,2,6770.714285714285,0,0.0,1
2025-01-10,2249,3606.0,2941.0,2867.0,2972.0,3532.285714285714,10.0,2.2625,0.13,5.075,14.0,0,1,7220.118644067797,0,0.0,1
2025-01-11,4839,4429.0,3606.0,2941.0,2867.0,3467.8571428571427,4.5,2.120833333333333,0.5,3.3249999999999997,10.0,1,1,11853.169491525423,1,4429.0,1
2025-01-12,8366,5154.0,4429.0,3606.0,2941.0,3602.4285714285716,2.5,3.1125000000000003,0.35,4.583333333333333,4.5,1,1,12127.36507936508,1,5154.0,1
2025-01-13,5981,4326.0,5154.0,4429.0,3606.0,3756.4285714285716,11.5,4.370833333333334,0.77,3.1750000000000003,2.5,1,2,8486.285714285714,2,4326.0,1
2025-01-14,2685,2939.0,4326.0,5154.0,4429.0,3751.714285714286,21.0,4.25,0.0,4.766666666666667,11.5,0,2,6847.360655737705,0,0.0,1
2025-01-15,2848,3065.0,2939.0,4326.0,5154.0,3780.0,19.0,4.320833333333334,0.11000000000000001,5.079166666666667,21.0,0,2,6192.406779661017,0,0.0,1
2025-01-16,2973,2862.0,3065.0,2939.0,4326.0,3768.714285714286,12.5,2.4583333333333335,0.2727272727272727,4.329166666666667,19.0,0,2,6770.714285714285,0,0.0,1
2025-01-17,3937,3342.0,2862.0,3065.0,2939.0,3731.0,2.5,4.004166666666666,0.1,4.195833333333334,12.5,0,1,7220.118644067797,0,0.0,1
2025-01-18,7613,4615.0,3342.0,2862.0,3065.0,3757.5714285714284,0.0,3.0083333333333333,0.8272727272727273,2.0166666666666666,2.5,1,0,11853.169491525423,0,4615.0,1
2025-01-19,8561,4862.0,4615.0,3342.0,2862.0,3715.8571428571427,0.0,5.841666666666666,0.7909090909090909,3.8041666666666667,0.0,1,0,12127.36507936508,0,4862.0,1
2025-01-20,3613,3196.0,4862.0,4615.0,3342.0,3554.4285714285716,6.0,6.141666666666667,0.2636363636363636,2.6999999999999997,0.0,0,1,8486.285714285714,0,0.0,1
2025-01-21,3932,3071.0,3196.0,4862.0,4615.0,3573.285714285714,0.0,7.208333333333333,0.8090909090909091,2.7916666666666665,6.0,0,0,6847.360655737705,0,0.0,1
2025-01-23,3723,2799.0,3071.0,3196.0,4862.0,3535.285714285714,3.0,6.925,0.17272727272727273,3.8708333333333336,0.0,0,1,6770.714285714285,0,0.0,1
2025-01-24,5162,3277.0,2799.0,3071.0,3196.0,3594.5714285714284,0.0,6.8,0.6272727272727273,3.6291666666666664,3.0,0,0,7220.118644067797,0,0.0,1
2025-01-25,6275,4874.0,3277.0,2799.0,3071.0,3813.4285714285716,4.0,5.058333333333334,0.2818181818181818,3.2083333333333335,0.0,1,1,11853.169491525423,1,4874.0,1
2025-01-26,7435,4868.0,4874.0,3277.0,2799.0,3849.5714285714284,10.0,4.3125,0.41818181818181815,2.6999999999999997,4.0,1,1,12127.36507936508,1,4868.0,1
2025-01-27,4649,3219.0,4868.0,4874.0,3277.0,3614.8571428571427,0.0,5.304166666666666,0.3727272727272727,3.579166666666667,10.0,0,0,8486.285714285714,0,0.0,1
2025-01-28,3002,3206.0,3219.0,4868.0,4874.0,3616.285714285714,7.5,5.4375,0.2,5.3500000000000005,0.0,0,1,6847.360655737705,0,0.0,1
2025-01-29,2983,3010.0,3206.0,3219.0,4868.0,3607.5714285714284,7.5,4.233333333333333,0.15833333333333333,6.520833333333333,7.5,0,1,6192.406779661017,0,0.0,1
2025-01-30,2733,3246.0,3010.0,3206.0,3219.0,3671.4285714285716,4.0,3.75,0.0,6.7875000000000005,7.5,0,1,6770.714285714285,0,0.0,1
2025-01-31,3530,3405.0,3246.0,3010.0,3206.0,3689.714285714286,6.0,3.654166666666667,0.05000000000000001,3.6374999999999997,4.0,0,1,7220.118644067797,0,0.0,1
2025-02-01,6868,5112.0,3405.0,3246.0,3010.0,3723.714285714286,0.0,5.120833333333334,0.3333333333333333,2.2375000000000003,6.0,1,0,11853.169491525423,0,5112.0,2
2025-02-02,7027,5199.0,5112.0,3405.0,3246.0,3771.0,0.0,6.1499999999999995,0.4666666666666666,3.8541666666666665,0.0,1,0,12127.36507936508,0,5199.0,2
2025-02-03,3176,3518.0,5199.0,5112.0,3405.0,3813.714285714286,6.5,4.8875,0.008333333333333333,4.8125,0.0,0,1,8486.285714285714,0,0.0,2
2025-02-04,2574,3800.0,3518.0,5199.0,5112.0,3898.5714285714284,23.5,1.8666666666666665,0.025000000000000005,4.9375,6.5,0,2,6847.360655737705,0,0.0,2
2025-02-05,756,3615.0,3800.0,3518.0,5199.0,3985.0,11.0,0.2125,0.016666666666666666,8.5,23.5,0,3,6192.406779661017,0,0.0,2
2025-02-06,1360,3016.0,3615.0,3800.0,3518.0,3952.1428571428573,3.0,1.4458333333333335,0.16666666666666666,6.8,11.0,0,1,6770.714285714285,0,0.0,2
2025-02-07,2970,3206.0,3016.0,3615.0,3800.0,3923.714285714286,8.0,1.5250000000000001,0.11666666666666665,6.641666666666667,3.0,0,1,7220.118644067797,0,0.0,2
2025-02-08,2911,4580.0,3206.0,3016.0,3615.0,3847.714285714286,7.5,2.4499999999999997,0.125,8.741666666666667,8.0,1,2,11853.169491525423,2,4580.0,2
2025-02-09,4867,4734.0,4580.0,3206.0,3016.0,3781.285714285714,13.5,2.1458333333333335,0.05000000000000001,3.2583333333333333,7.5,1,2,12127.36507936508,2,4734.0,2
2025-02-10,4978,4140.0,4734.0,4580.0,3206.0,3870.1428571428573,9.5,2.4208333333333334,0.16666666666666666,3.716666666666667,13.5,0,1,8486.285714285714,0,0.0,2
2025-02-11,5122,4442.0,4140.0,4734.0,4580.0,3961.8571428571427,1.5,2.954166666666667,0.16666666666666666,4.0125,9.5,1,1,6847.360655737705,1,4442.0,2
2025-02-12,4198,3206.0,4442.0,4140.0,4734.0,3903.4285714285716,0.5,1.8166666666666667,0.0,6.058333333333334,1.5,0,1,6192.406779661017,0,0.0,2
2025-02-13,3316,4374.0,3206.0,4442.0,4140.0,4097.428571428572,8.0,4.1875,0.06666666666666667,6.195833333333333,0.5,0,1,6770.714285714285,0,0.0,2
2025-02-14,4922,4122.0,4374.0,3206.0,4442.0,4228.285714285715,3.0,3.9625,0.3166666666666667,3.095833333333333,8.0,0,1,7220.118644067797,0,0.0,2
2025-02-15,8149,5900.0,4122.0,4374.0,3206.0,4416.857142857143,0.0,5.6875,0.7083333333333334,2.35,3.0,1,0,11853.169491525423,0,5900.0,2
2025-02-16,8292,5661.0,5900.0,4122.0,4374.0,4549.285714285715,3.5,7.408333333333334,0.6083333333333333,3.3541666666666665,0.0,1,1,12127.36507936508,1,5661.0,2
2025-02-17,3910,3799.0,5661.0,5900.0,4122.0,4500.571428571428,7.5,3.9333333333333336,0.049999999999999996,6.420833333333333,3.5,0,1,8486.285714285714,0,0.0,2
2025-02-18,3832,3758.0,3799.0,5661.0,5900.0,4402.857142857143,3.0,2.1125000000000003,0.3416666666666666,5.479166666666667,7.5,0,1,6847.360655737705,0,0.0,2
2025-02-19,2862,3620.0,3758.0,3799.0,5661.0,4462.0,4.0,1.6500000000000001,0.30833333333333335,7.083333333333333,3.0,0,1,6192.406779661017,0,0.0,2
2025-02-20,2996,3326.0,3620.0,3758.0,3799.0,4312.285714285715,8.0,1.4124999999999999,0.18333333333333335,3.608333333333333,4.0,0,1,6770.714285714285,0,0.0,2
2025-02-21,3957,3871.0,3326.0,3620.0,3758.0,4276.428571428572,3.5,-0.06666666666666667,0.05000000000000001,2.158333333333333,8.0,0,1,7220.118644067797,0,0.0,2
2025-02-22,6384,5359.0,3871.0,3326.0,3620.0,4199.142857142857,7.0,1.383333333333333,0.025000000000000005,4.591666666666667,3.5,1,1,11853.169491525423,1,5359.0,2
2025-02-23,8489,5795.0,5359.0,3871.0,3326.0,4218.285714285715,3.5,0.06666666666666664,0.26666666666666666,2.716666666666667,7.0,1,1,12127.36507936508,1,5795.0,2
2025-02-24,5235,4933.0,5795.0,5359.0,3871.0,4380.285714285715,13.0,1.3041666666666667,0.15833333333333333,3.4499999999999997,3.5,1,2,8486.285714285714,2,4933.0,2
2025-02-25,4696,4033.0,4933.0,5795.0,5359.0,4419.571428571428,0.0,3.1750000000000003,0.3,3.779166666666667,13.0,0,0,6847.360655737705,0,0.0,2
2025-02-26,3363,3691.0,4033.0,4933.0,5795.0,4429.714285714285,2.5,4.620833333333334,0.05000000000000001,3.9583333333333335,0.0,0,1,6192.406779661017,0,0.0,2
2025-02-27,4562,3610.0,3691.0,4033.0,4933.0,4470.285714285715,0.5,5.3999999999999995,0.625,3.3083333333333336,2.5,0,1,6770.714285714285,0,0.0,2
2025-02-28,4819,3742.0,3610.0,3691.0,4033.0,4451.857142857143,0.0,6.7375,0.0,3.7375000000000003,0.5,0,0,7220.118644067797,0,0.0,2
2025-03-01,10073,5074.0,3742.0,3610.0,3691.0,4411.142857142857,0.0,8.633333333333335,0.7416666666666667,2.795833333333333,0.0,1,0,11853.169491525423,0,5074.0,3
2025-03-02,7038,5216.0,5074.0,3742.0,3610.0,4328.428571428572,0.0,9.625,0.0,2.954166666666667,0.0,1,0,12127.36507936508,0,5216.0,3
2025-03-03,4276,3580.0,5216.0,5074.0,3742.0,4135.142857142857,15.5,5.241666666666666,0.06666666666666667,8.020833333333334,0.0,0,3,8486.285714285714,0,0.0,3
2025-03-04,3699,3387.0,3580.0,5216.0,5074.0,4042.8571428571427,18.5,3.8249999999999997,0.0,4.020833333333333,15.5,0,2,6847.360655737705,0,0.0,3
2025-03-05,3428,3537.0,3387.0,3580.0,5216.0,4020.8571428571427,7.5,6.1875,0.0,2.1374999999999997,18.5,0,1,6192.406779661017,0,0.0,3
2025-03-06,4746,3526.0,3537.0,3387.0,3580.0,4008.8571428571427,0.0,6.654166666666666,0.16666666666666666,4.670833333333333,7.5,0,0,6770.714285714285,0,0.0,3
2025-03-07,5834,3744.0,3526.0,3537.0,3387.0,4009.1428571428573,6.0,3.9291666666666667,0.425,4.0375000000000005,0.0,0,1,7220.118644067797,0,0.0,3
2025-03-08,8921,7014.0,3744.0,3526.0,3537.0,4286.285714285715,0.0,3.125,0.15833333333333333,1.8,6.0,1,0,11853.169491525423,0,7014.0,3
2025-03-09,11166,7046.0,7014.0,3744.0,3526.0,4547.714285714285,0.0,5.345833333333334,0.7916666666666666,2.345833333333333,0.0,1,0,12127.36507936508,0,7046.0,3
2025-03-10,6780,4621.0,7046.0,7014.0,3744.0,4696.428571428572,0.0,6.016666666666667,0.8666666666666667,2.8375,0.0,0,0,8486.285714285714,0,0.0,3
2025-03-11,5721,4127.0,4621.0,7046.0,7014.0,4802.142857142857,0.5,9.654166666666667,0.13333333333333333,4.291666666666667,0.0,0,1,6847.360655737705,0,0.0,3
2025-03-12,8173,3764.0,4127.0,4621.0,7046.0,4834.571428571428,0.0,11.2875,0.3333333333333333,2.8041666666666667,0.5,0,0,6192.406779661017,0,0.0,3
2025-03-13,6335,3878.0,3764.0,4127.0,4621.0,4884.857142857143,0.0,10.958333333333334,0.6666666666666666,2.6125000000000003,0.0,0,0,6770.714285714285,0,0.0,3
2025-03-14,7051,4102.0,3878.0,3764.0,4127.0,4936.0,0.0,8.058333333333334,0.9,2.7875,0.0,0,0,7220.118644067797,0,0.0,3
2025-03-15,11139,5585.0,4102.0,3878.0,3764.0,4731.857142857143,0.0,6.641666666666667,0.0,3.8708333333333336,0.0,1,0,11853.169491525423,0,5585.0,3
2025-03-16,7029,6434.0,5585.0,4102.0,3878.0,4644.428571428572,27.5,6.1875,0.0,2.891666666666667,0.0,1,2,12127.36507936508,2,6434.0,3
2025-03-17,5398,4860.0,6434.0,5585.0,4102.0,4678.571428571428,7.5,5.641666666666667,0.12307692307692308,4.5625,27.5,0,1,8486.285714285714,0,0.0,3
2025-03-18,8107,4253.0,4860.0,6434.0,5585.0,4696.571428571428,7.5,5.095833333333333,0.6307692307692307,3.1999999999999997,7.5,0,1,6847.360655737705,0,0.0,3
2025-03-19,3746,4519.0,4253.0,4860.0,6434.0,4804.428571428572,12.5,3.9,0.03076923076923077,5.704166666666667,7.5,0,2,6192.406779661017,0,0.0,3
2025-03-20,10614,6057.0,4519.0,4253.0,4860.0,5115.714285714285,0.0,5.083333333333333,0.21538461538461537,4.341666666666667,12.5,1,0,6770.714285714285,0,6057.0,3
2025-03-21,11600,5316.0,6057.0,4519.0,4253.0,5289.142857142857,0.0,9.8125,0.7285714285714285,5.520833333333333,0.0,0,0,7220.118644067797,0,0.0,3
2025-03-22,14368,6214.0,5316.0,6057.0,4519.0,5379.0,0.0,13.9,0.7857142857142857,4.583333333333333,0.0,1,0,11853.169491525423,0,6214.0,3
2025-03-23,14003,6290.0,6214.0,5316.0,6057.0,5358.428571428572,0.0,11.529166666666667,0.8142857142857143,2.9250000000000003,0.0,1,0,12127.36507936508,0,6290.0,3
2025-03-24,7606,4520.0,6290.0,6214.0,5316.0,5309.857142857143,0.0,13.2125,0.24285714285714285,5.891666666666667,0.0,0,0,8486.285714285714,0,0.0,3
2025-03-25,8516,4331.0,4520.0,6290.0,6214.0,5321.0,0.0,16.508333333333333,0.7857142857142857,5.6000000000000005,0.0,0,0,6847.360655737705,0,0.0,3
2025-03-26,10227,4450.0,4331.0,4520.0,6290.0,5311.142857142857,0.0,12.7875,0.6214285714285713,3.8541666666666665,0.0,0,0,6192.406779661017,0,0.0,3
2025-03-27,9514,4504.0,4450.0,4331.0,4520.0,5089.285714285715,2.0,18.962500000000002,0.5928571428571429,8.5375,0.0,0,2,6770.714285714285,0,0.0,3
2025-03-28,8584,4804.0,4504.0,4450.0,4331.0,5016.142857142857,17.5,11.041666666666666,0.0,3.9416666666666664,2.0,0,2,7220.118644067797,0,0.0,3
2025-03-29,14506,6310.0,4804.0,4504.0,4450.0,5029.857142857143,0.0,7.6499999999999995,0.5214285714285715,3.625,17.5,1,0,11853.169491525423,0,6310.0,3
2025-03-30,11474,6101.0,6310.0,4804.0,4504.0,5002.857142857143,1.0,5.55,0.12142857142857144,4.741666666666666,0.0,1,1,12127.36507936508,1,6101.0,3
2025-03-31,11155,4389.0,6101.0,6310.0,4804.0,4984.142857142857,0.5,5.729166666666667,0.8142857142857143,2.9375,1.0,0,1,8486.285714285714,0,0.0,3
2025-04-01,6433,3915.0,4389.0,6101.0,6310.0,4924.714285714285,0.0,6.804166666666667,0.0,1.3458333333333332,0.5,0,0,6847.360655737705,0,0.0,4
2025-04-02,8326,3959.0,3915.0,4389.0,6101.0,4854.571428571428,0.0,9.85,0.21428571428571427,2.0208333333333335,0.0,0,0,6192.406779661017,0,0.0,4
2025-04-03,6530,4239.0,3959.0,3915.0,4389.0,4816.714285714285,1.5,9.8125,0.35000000000000003,3.033333333333333,0.0,0,1,6770.714285714285,0,0.0,4
2025-04-04,7516,4086.0,4239.0,3959.0,3915.0,4714.142857142857,2.0,9.266666666666667,0.4428571428571429,3.466666666666667,1.5,0,1,7220.118644067797,0,0.0,4
2025-04-05,11852,5369.0,4086.0,4239.0,3959.0,4579.714285714285,0.0,9.291666666666666,0.6285714285714287,2.720833333333333,2.0,1,0,11853.169491525423,0,5369.0,4
2025-04-06,8345,5254.0,5369.0,4086.0,4239.0,4458.714285714285,3.5,12.833333333333334,0.19999999999999998,4.833333333333333,0.0,1,1,12127.36507936508,1,5254.0,4
2025-04-07,5701,3474.0,5254.0,5369.0,4086.0,4328.0,0.0,10.329166666666667,0.7857142857142857,2.4250000000000003,3.5,0,0,8486.285714285714,0,0.0,4
2025-04-08,4833,3056.0,3474.0,5254.0,5369.0,4205.285714285715,0.0,12.129166666666668,0.2642857142857143,4.75,0.0,0,0,6847.360655737705,0,0.0,4
2025-04-09,4484,3090.0,3056.0,3474.0,5254.0,4081.1428571428573,0.0,11.016666666666666,0.7000000000000001,2.775,0.0,0,0,6192.406779661017,0,0.0,4
2025-04-10,4669,3174.0,3090.0,3056.0,3474.0,3929.0,18.0,12.549999999999999,0.07142857142857142,5.0,0.0,0,2,6770.714285714285,0,0.0,4
2025-04-11,4938,4103.0,3174.0,3090.0,3056.0,3931.4285714285716,0.0,12.191666666666668,0.07857142857142858,2.6625,18.0,0,0,7220.118644067797,0,0.0,4
2025-04-12,14794,6680.0,4103.0,3174.0,3090.0,4118.714285714285,0.0,12.0,0.5,3.0083333333333333,0.0,1,0,11853.169491525423,0,6680.0,4
2025-04-13,6209,6561.0,6680.0,4103.0,3174.0,4305.428571428572,16.5,12.345833333333333,0.0,5.495833333333334,0.0,1,2,12127.36507936508,2,6561.0,4
2025-04-14,7377,4321.0,6561.0,6680.0,4103.0,4426.428571428572,1.5,10.799999999999999,0.6642857142857144,3.1833333333333336,16.5,0,1,8486.285714285714,0,0.0,4
2025-04-15,3408,3885.0,4321.0,6561.0,6680.0,4544.857142857143,8.0,9.0,0.1142857142857143,5.3,1.5,0,1,6847.360655737705,0,0.0,4
2025-04-16,410,3936.0,3885.0,4321.0,6561.0,4665.714285714285,0.0,11.2875,0.6571428571428571,4.133333333333334,8.0,0,0,6192.406779661017,0,0.0,4
2025-04-17,6510,4173.0,3936.0,3885.0,4321.0,4808.428571428572,0.0,17.304166666666667,0.7428571428571429,4.254166666666666,0.0,0,0,6770.714285714285,0,0.0,4
2025-04-18,8032,4477.0,4173.0,3936.0,3885.0,4861.857142857143,13.5,20.241666666666667,0.38571428571428573,4.825,0.0,0,2,7220.118644067797,0,0.0,4
2025-04-19,13663,6159.0,4477.0,4173.0,3936.0,4787.428571428572,0.0,20.566666666666666,0.7000000000000001,2.279166666666667,13.5,1,0,11853.169491525423,0,6159.0,4
2025-04-20,11779,6206.0,6159.0,4477.0,4173.0,4736.714285714285,3.5,16.55,0.09999999999999999,3.045833333333333,0.0,1,1,12127.36507936508,1,6206.0,4
2025-04-21,8034,4633.0,6206.0,6159.0,4477.0,4781.285714285715,0.0,12.916666666666666,0.85,2.9499999999999997,3.5,0,0,8486.285714285714,0,0.0,4
2025-04-22,5935,4075.0,4633.0,6206.0,6159.0,4808.428571428572,1.0,18.008333333333333,0.4857142857142857,6.375,0.0,0,1,6847.360655737705,0,0.0,4
2025-04-23,5343,4224.0,4075.0,4633.0,6206.0,4849.571428571428,30.5,15.504166666666668,0.0,3.404166666666667,1.0,0,2,6192.406779661017,0,0.0,4
2025-04-24,5281,4313.0,4224.0,4075.0,4633.0,4869.571428571428,0.5,12.0875,0.02142857142857143,2.0083333333333333,30.5,0,1,6770.714285714285,0,0.0,4
2025-04-25,7074,4774.0,4313.0,4224.0,4075.0,4912.0,0.0,12.658333333333333,0.4857142857142857,3.2125,0.5,0,0,7220.118644067797,0,0.0,4
2025-04-26,15729,7361.0,4774.0,4313.0,4224.0,5083.714285714285,0.0,11.35,0.9,2.495833333333333,0.0,1,0,11853.169491525423,0,7361.0,4
2025-04-27,18495,8971.0,7361.0,4774.0,4313.0,5478.714285714285,0.0,16.133333333333333,0.6571428571428571,4.3625,0.0,1,0,12127.36507936508,0,8971.0,4
2025-04-28,11813,7188.0,8971.0,7361.0,4774.0,5843.714285714285,0.5,15.725,0.18571428571428572,2.975,0.0,0,1,8486.285714285714,0,0.0,4
2025-04-29,17342,8578.0,7188.0,8971.0,7361.0,6487.0,0.0,11.970833333333333,0.55,3.9166666666666665,0.5,1,0,6847.360655737705,0,8578.0,4
2025-04-30,13236,6778.0,8578.0,7188.0,8971.0,6851.857142857143,0.0,11.779166666666667,0.9071428571428571,2.470833333333333,0.0,0,0,6192.406779661017,0,0.0,4
2025-05-01,15658,7042.0,6778.0,8578.0,7188.0,7241.714285714285,0.0,19.45,0.8928571428571429,7.254166666666666,0.0,0,0,6770.714285714285,0,0.0,5
2025-05-03,11739,13751.0,7042.0,6778.0,8578.0,8524.142857142857,0.5,12.9125,0.4928571428571429,2.3333333333333335,0.0,1,1,11853.169491525423,1,13751.0,5
2025-05-04,15719,13884.0,13751.0,7042.0,6778.0,9456.0,2.0,14.279166666666667,0.7642857142857142,2.6750000000000003,0.5,1,1,12127.36507936508,1,13884.0,5
2025-05-05,14870,11995.0,13884.0,13751.0,7042.0,9888.0,0.0,13.866666666666667,0.64,3.3666666666666667,2.0,1,0,8486.285714285714,0,11995.0,5
2025-05-06,12602,7607.0,11995.0,13884.0,13751.0,9947.857142857143,13.5,14.433333333333332,0.02,2.4250000000000003,0.0,1,2,6847.360655737705,2,7607.0,5
2025-05-07,6157,4014.0,7607.0,11995.0,13884.0,9295.857142857143,5.0,13.575000000000001,0.7066666666666667,3.2708333333333335,13.5,0,1,6192.406779661017,0,0.0,5
2025-05-08,6144,3808.0,4014.0,7607.0,11995.0,8871.57142857143,0.0,13.270833333333334,0.86,2.4458333333333333,5.0,0,0,6770.714285714285,0,0.0,5
2025-05-09,4233,3974.0,3808.0,4014.0,7607.0,8433.285714285714,10.5,17.195833333333333,0.04666666666666666,5.708333333333333,0.0,0,2,7220.118644067797,0,0.0,5
2025-05-10,11136,5785.0,3974.0,3808.0,4014.0,7295.285714285715,2.5,19.641666666666666,0.3,7.558333333333334,10.5,1,1,11853.169491525423,1,5785.0,5
2025-05-11,12576,5694.0,5785.0,3974.0,3808.0,6125.285714285715,3.0,15.520833333333334,0.44000000000000006,1.8499999999999999,2.5,1,1,12127.36507936508,1,5694.0,5
2025-05-12,7181,4922.0,5694.0,5785.0,3974.0,5114.857142857143,4.5,15.679166666666667,0.42666666666666664,2.404166666666667,3.0,0,1,8486.285714285714,0,0.0,5
2025-05-13,6966,4137.0,4922.0,5694.0,5785.0,4619.142857142857,0.0,16.816666666666666,0.84,2.8833333333333333,4.5,0,0,6847.360655737705,0,0.0,5
2025-05-14,7617,3559.0,4137.0,4922.0,5694.0,4554.142857142857,0.0,18.409523809523808,0.7,2.980952380952381,0.0,0,0,6192.406779661017,0,0.0,5
2025-05-15,8932,3651.0,3559.0,4137.0,4922.0,4531.714285714285,0.0,21.091666666666665,0.49333333333333335,3.8625000000000003,0.0,0,0,6770.714285714285,0,0.0,5
2025-05-16,8652,3993.0,3651.0,3559.0,4137.0,4534.428571428572,0.0,22.4875,0.24666666666666667,4.533333333333333,0.0,0,0,7220.118644067797,0,0.0,5
2025-05-18,14437,5733.0,3993.0,3651.0,3559.0,4527.0,0.0,18.379166666666666,0.29333333333333333,1.9958333333333333,0.0,1,0,12127.36507936508,0,5733.0,5
2025-05-19,8758,4032.0,5733.0,3993.0,3651.0,4289.571428571428,0.0,19.008333333333333,0.8333333333333334,2.8125,0.0,0,0,8486.285714285714,0,0.0,5
2025-05-20,7106,3445.0,4032.0,5733.0,3993.0,4078.5714285714284,0.0,23.162499999999998,0.8133333333333332,3.7583333333333333,0.0,0,0,6847.360655737705,0,0.0,5
2025-05-21,6812,3305.0,3445.0,4032.0,5733.0,3959.714285714286,0.0,24.275000000000002,0.6266666666666667,2.9,0.0,0,0,6192.406779661017,0,0.0,5
2025-05-22,7605,5402.0,3305.0,3445.0,4032.0,4223.0,0.0,18.566666666666666,0.0,3.1958333333333333,0.0,0,0,6770.714285714285,0,0.0,5
2025-05-23,8786,4724.0,5402.0,3305.0,3445.0,4376.285714285715,0.0,16.920833333333334,0.6466666666666666,4.0874999999999995,0.0,0,0,7220.118644067797,0,0.0,5
2025-05-24,10625,5879.0,4724.0,5402.0,3305.0,4645.714285714285,22.5,16.2375,0.0,1.8083333333333333,0.0,1,2,11853.169491525423,2,5879.0,5
2025-05-25,11210,5754.0,5879.0,4724.0,5402.0,4648.714285714285,9.5,15.583333333333334,0.0,3.1750000000000003,22.5,1,1,12127.36507936508,1,5754.0,5
2025-05-26,8074,3840.0,5754.0,5879.0,4724.0,4621.285714285715,0.0,15.112499999999999,0.18,1.95,9.5,0,0,8486.285714285714,0,0.0,5
2025-05-27,6634,3435.0,3840.0,5754.0,5879.0,4619.857142857143,0.0,16.825,0.64375,2.2041666666666666,0.0,0,0,6847.360655737705,0,0.0,5
2025-05-28,7171,3277.0,3435.0,3840.0,5754.0,4615.857142857143,1.0,18.608333333333334,0.73125,2.0166666666666666,0.0,0,1,6192.406779661017,0,0.0,5
2025-05-29,6049,3421.0,3277.0,3435.0,3840.0,4332.857142857143,0.0,18.545833333333334,0.225,1.5208333333333333,1.0,0,0,6770.714285714285,0,0.0,5
2025-05-30,8229,3780.0,3421.0,3277.0,3435.0,4198.0,0.0,19.150000000000002,0.66875,2.9458333333333333,0.0,0,0,7220.118644067797,0,0.0,5
2025-05-31,9612,5010.0,3780.0,3421.0,3277.0,4073.8571428571427,0.5,17.3125,0.0,4.3500000000000005,0.0,1,1,11853.169491525423,1,5010.0,5
2025-06-01,11612,5147.0,5010.0,3780.0,3421.0,3987.1428571428573,1.5,16.325,0.0,2.829166666666667,0.5,1,1,12127.36507936508,1,5147.0,6
2025-06-02,6891,3464.0,5147.0,5010.0,3780.0,3933.4285714285716,0.0,17.5625,0.45,2.0083333333333333,1.5,0,0,8486.285714285714,0,0.0,6
2025-06-03,4087,3275.0,3464.0,5147.0,5010.0,3910.5714285714284,15.5,18.329166666666666,0.0,2.220833333333333,0.0,0,2,6847.360655737705,0,0.0,6
2025-06-04,4823,3327.0,3275.0,3464.0,5147.0,3917.714285714286,0.5,18.970833333333335,0.53125,2.5,15.5,0,1,6192.406779661017,0,0.0,6
2025-06-05,6750,3659.0,3327.0,3275.0,3464.0,3951.714285714286,0.0,18.654166666666665,0.71875,3.0749999999999997,0.5,0,0,6770.714285714285,0,0.0,6
2025-06-06,7879,4058.0,3659.0,3327.0,3275.0,3991.4285714285716,0.0,23.270833333333332,0.5125,4.220833333333333,0.0,0,0,7220.118644067797,0,0.0,6
2025-06-07,13704,5653.0,4058.0,3659.0,3327.0,4083.285714285714,0.0,23.675,0.78125,3.4,0.0,1,0,11853.169491525423,0,5653.0,6
2025-06-08,14698,5671.0,5653.0,4058.0,3659.0,4158.142857142857,0.0,20.912499999999998,0.26875,2.033333333333333,0.0,1,0,12127.36507936508,0,5671.0,6
2025-06-09,6995,3617.0,5671.0,5653.0,4058.0,4180.0,0.0,21.65416666666667,0.4125,2.1875,0.0,0,0,8486.285714285714,0,0.0,6
2025-06-10,4026,3471.0,3617.0,5671.0,5653.0,4208.0,18.0,21.558333333333334,0.0,3.404166666666667,0.0,0,2,6847.360655737705,0,0.0,6
2025-06-11,4508,3862.0,3471.0,3617.0,5671.0,4284.428571428572,7.0,21.400000000000002,0.0,2.0375,18.0,0,1,6192.406779661017,0,0.0,6
2025-06-12,6735,4218.0,3862.0,3471.0,3617.0,4364.285714285715,0.0,19.541666666666668,0.35,1.8666666666666665,7.0,0,0,6770.714285714285,0,0.0,6
2025-06-14,8296,5010.0,4218.0,3862.0,3471.0,4500.285714285715,10.5,22.733333333333334,0.0,8.887500000000001,0.0,1,3,11853.169491525423,3,5010.0,6
2025-06-15,10676,5037.0,5010.0,4218.0,3862.0,4412.285714285715,26.5,21.458333333333332,0.01875,2.8208333333333333,10.5,1,2,12127.36507936508,2,5037.0,6
2025-06-16,5944,3692.0,5037.0,5010.0,4218.0,4129.571428571428,1.5,25.804166666666664,0.26875,5.741666666666667,26.5,0,1,8486.285714285714,0,0.0,6
2025-06-17,5397,3318.0,3692.0,5037.0,5010.0,4086.8571428571427,1.5,25.358333333333334,0.81875,1.8291666666666666,1.5,0,1,6847.360655737705,0,0.0,6
2025-06-18,5329,3350.0,3318.0,3692.0,5037.0,4069.5714285714284,0.0,24.866666666666664,0.41875,1.8416666666666668,1.5,0,0,6192.406779661017,0,0.0,6
2025-06-19,5659,3521.0,3350.0,3318.0,3692.0,4020.8571428571427,0.0,24.1875,0.80625,2.029166666666667,0.0,0,0,6770.714285714285,0,0.0,6
2025-06-20,5512,3817.0,3521.0,3350.0,3318.0,3963.5714285714284,0.0,25.587500000000002,0.84375,2.6625,0.0,0,0,7220.118644067797,0,0.0,6
2025-06-21,13360,5470.0,3817.0,3521.0,3350.0,4029.285714285714,0.0,29.083333333333332,0.7,5.854166666666667,0.0,1,0,11853.169491525423,0,5470.0,6
2025-06-22,11989,5688.0,5470.0,3817.0,3521.0,4122.285714285715,1.5,26.75,0.25625,5.645833333333333,0.0,1,1,12127.36507936508,1,5688.0,6
2025-06-23,4176,3574.0,5688.0,5470.0,3817.0,4105.428571428572,74.0,21.7625,0.13125,2.0208333333333335,1.5,0,2,8486.285714285714,0,0.0,6
2025-06-25,4723,3491.0,3574.0,5688.0,5470.0,4130.142857142857,0.5,26.0125,0.13749999999999998,1.7666666666666666,74.0,0,1,6192.406779661017,0,0.0,6
2025-06-26,5103,3418.0,3491.0,3574.0,5688.0,4139.857142857143,35.0,24.2625,0.3375,3.345833333333333,0.5,0,2,6770.714285714285,0,0.0,6
2025-06-27,7697,4078.0,3418.0,3491.0,3574.0,4219.428571428572,0.0,23.3125,0.0,2.1750000000000003,35.0,0,0,7220.118644067797,0,0.0,6
2025-06-28,13367,5808.0,4078.0,3418.0,3491.0,4503.857142857143,0.0,23.258333333333336,0.6375,1.9041666666666668,0.0,1,0,11853.169491525423,0,5808.0,6
2025-06-29,13632,6334.0,5808.0,4078.0,3418.0,4627.285714285715,0.0,24.391666666666666,0.73125,1.7458333333333333,0.0,1,0,12127.36507936508,0,6334.0,6
2025-06-30,4892,4095.0,6334.0,5808.0,4078.0,4399.714285714285,0.0,26.858333333333334,0.83125,2.1666666666666665,0.0,0,0,8486.285714285714,0,0.0,6
2025-07-01,4610,3712.0,4095.0,6334.0,5808.0,4419.428571428572,0.0,27.270833333333332,0.425,1.8833333333333335,0.0,0,0,6847.360655737705,0,0.0,7
2025-07-02,3757,3637.0,3712.0,4095.0,6334.0,4440.285714285715,0.0,27.45,0.39375,1.75,0.0,0,0,6192.406779661017,0,0.0,7
2025-07-03,4764,3681.0,3637.0,3712.0,4095.0,4477.857142857143,0.0,27.837500000000002,0.675,2.5043478260869567,0.0,0,0,6770.714285714285,0,0.0,7
2025-07-04,5803,4049.0,3681.0,3637.0,3712.0,4473.714285714285,0.0,28.183333333333334,0.675,2.9416666666666664,0.0,0,0,7220.118644067797,0,0.0,7
2025-07-05,11875,5998.0,4049.0,3681.0,3637.0,4500.857142857143,0.0,26.77916666666667,0.08750000000000001,2.2583333333333333,0.0,1,0,11853.169491525423,0,5998.0,7
2025-07-06,13158,6658.0,5998.0,4049.0,3681.0,4547.142857142857,0.0,26.787499999999998,0.10625,2.1333333333333333,0.0,1,0,12127.36507936508,0,6658.0,7
2025-07-07,5887,4435.0,6658.0,5998.0,4049.0,4595.714285714285,0.0,26.65833333333333,0.675,2.183333333333333,0.0,0,0,8486.285714285714,0,0.0,7
2025-07-08,5061,4059.0,4435.0,6658.0,5998.0,4645.285714285715,3.0,26.979166666666668,0.50625,2.0458333333333334,0.0,0,1,6847.360655737705,0,0.0,7
2025-07-09,4683,4046.0,4059.0,4435.0,6658.0,4703.714285714285,3.0,27.27916666666667,0.575,2.1166666666666667,3.0,0,1,6192.406779661017,0,0.0,7
2025-07-10,4090,4233.0,4046.0,4059.0,4435.0,4782.571428571428,0.0,27.291666666666668,0.79375,2.125,3.0,0,0,6770.714285714285,0,0.0,7
2025-07-11,5564,5137.0,4233.0,4046.0,4059.0,4938.0,0.0,26.2625,0.8125,2.004166666666667,0.0,0,0,7220.118644067797,0,0.0,7
2025-07-12,14142,7064.0,5137.0,4233.0,4046.0,5090.285714285715,0.0,26.0125,0.575,1.6708333333333334,0.0,1,0,11853.169491525423,0,7064.0,7
2025-07-13,12802,7298.0,7064.0,5137.0,4233.0,5181.714285714285,0.0,28.191666666666666,0.825,2.6083333333333334,0.0,1,0,12127.36507936508,0,7298.0,7
2025-07-14,5977,5269.0,7298.0,7064.0,5137.0,5300.857142857143,0.0,30.641666666666666,0.64375,7.041666666666667,0.0,0,0,8486.285714285714,0,0.0,7
2025-07-15,5329,5059.0,5269.0,7298.0,7064.0,5443.714285714285,15.0,26.416666666666668,0.45,2.279166666666667,0.0,0,2,6847.360655737705,0,0.0,7
2025-07-16,5619,4904.0,5059.0,5269.0,7298.0,5566.285714285715,0.0,29.558333333333334,0.4875,6.820833333333333,15.0,0,0,6192.406779661017,0,0.0,7
2025-07-17,5164,4962.0,4904.0,5059.0,5269.0,5670.428571428572,2.5,27.458333333333332,0.00625,6.295833333333333,0.0,0,1,6770.714285714285,0,0.0,7
2025-07-18,6019,5835.0,4962.0,4904.0,5059.0,5770.142857142857,0.0,29.358333333333334,0.50625,7.2375,2.5,0,0,7220.118644067797,0,0.0,7
2025-07-19,17639,9586.0,5835.0,4962.0,4904.0,6130.428571428572,0.0,30.462500000000002,0.775,5.670833333333333,0.0,1,0,11853.169491525423,0,9586.0,7
2025-07-20,22990,11000.0,9586.0,5835.0,4962.0,6659.285714285715,0.0,29.541666666666668,0.78125,3.4583333333333335,0.0,1,0,12127.36507936508,0,11000.0,7
2025-07-21,17620,8888.0,11000.0,9586.0,5835.0,7176.285714285715,0.0,29.254166666666666,0.59375,3.0708333333333333,0.0,1,0,8486.285714285714,0,8888.0,7
2025-07-22,8775,5993.0,8888.0,11000.0,9586.0,7309.714285714285,0.0,29.349999999999998,0.79375,2.1791666666666667,0.0,0,0,6847.360655737705,0,0.0,7
2025-07-23,7633,5354.0,5993.0,8888.0,11000.0,7374.0,0.0,29.020833333333332,0.81875,1.9333333333333333,0.0,0,0,6192.406779661017,0,0.0,7
2025-07-24,7362,5766.0,5354.0,5993.0,8888.0,7488.857142857143,0.0,29.183333333333334,0.81875,2.3541666666666665,0.0,0,0,6770.714285714285,0,0.0,7
2025-07-25,8786,6260.0,5766.0,5354.0,5993.0,7549.571428571428,0.0,29.979166666666668,0.8125,3.329166666666667,0.0,0,0,7220.118644067797,0,0.0,7
2025-07-26,14310,7757.0,6260.0,5766.0,5354.0,7288.285714285715,0.0,30.629166666666666,0.80625,3.5708333333333333,0.0,1,0,11853.169491525423,0,7757.0,7
2025-07-27,15701,8843.0,7757.0,6260.0,5766.0,6980.142857142857,0.0,30.150000000000002,0.66875,3.1041666666666665,0.0,1,0,12127.36507936508,0,8843.0,7
2025-07-28,10746,6607.0,8843.0,7757.0,6260.0,6654.285714285715,0.0,29.691666666666666,0.80625,2.8333333333333335,0.0,0,0,8486.285714285714,0,0.0,7
2025-07-29,8817,6637.0,6607.0,8843.0,7757.0,6746.285714285715,0.0,29.141666666666666,0.80625,2.466666666666667,0.0,0,0,6847.360655737705,0,0.0,7
2025-07-30,8818,6154.0,6637.0,6607.0,8843.0,6860.571428571428,0.0,29.333333333333332,0.8666666666666667,2.129166666666667,0.0,0,0,6192.406779661017,0,0.0,7
2025-07-31,8820,6152.0,6154.0,6637.0,6607.0,6915.714285714285,0.0,29.34166666666667,0.7733333333333333,1.8083333333333333,0.0,0,0,6770.714285714285,0,0.0,7
2025-08-01,9934,6468.0,6152.0,6154.0,6637.0,6945.428571428572,0.0,28.954166666666666,0.6142857142857142,2.3249999999999997,0.0,0,0,7220.118644067797,0,0.0,8
2025-08-02,16159,8538.0,6468.0,6152.0,6154.0,7057.0,0.0,28.925,0.6785714285714286,2.654166666666667,0.0,1,0,11853.169491525423,0,8538.0,8
2025-08-03,17370,9663.0,8538.0,6468.0,6152.0,7174.142857142857,0.0,29.083333333333332,0.7857142857142857,2.308333333333333,0.0,1,0,12127.36507936508,0,9663.0,8
2025-08-04,12557,7210.0,9663.0,8538.0,6468.0,7260.285714285715,0.0,31.766666666666666,0.7285714285714285,3.275,0.0,0,0,8486.285714285714,0,0.0,8
2025-08-05,11955,6833.0,7210.0,9663.0,8538.0,7288.285714285715,3.5,30.083333333333332,0.37857142857142856,4.195833333333334,0.0,0,1,6847.360655737705,0,0.0,8
2025-08-07,9324,8128.0,6833.0,7210.0,9663.0,7570.285714285715,26.0,27.25,0.37857142857142856,3.5500000000000003,3.5,0,2,6770.714285714285,0,0.0,8
2025-08-08,14193,9320.0,8128.0,6833.0,7210.0,8022.857142857143,1.0,26.183333333333334,0.8571428571428571,2.2375000000000003,26.0,0,1,7220.118644067797,0,0.0,8
2025-08-09,22410,13379.0,9320.0,8128.0,6833.0,9010.142857142857,0.5,25.8625,0.4642857142857143,2.2916666666666665,1.0,1,1,11853.169491525423,1,13379.0,8
2025-08-10,18250,16999.0,13379.0,9320.0,8128.0,10218.857142857143,47.5,24.925,0.0,4.733333333333333,0.5,1,2,12127.36507936508,2,16999.0,8
2025-08-11,22988,16414.0,16999.0,13379.0,9320.0,11183.285714285714,21.0,25.883333333333336,0.014285714285714287,3.408333333333333,47.5,1,2,8486.285714285714,2,16414.0,8
2025-08-12,20152,15558.0,16414.0,16999.0,13379.0,12375.857142857143,29.5,25.391666666666666,0.02142857142857143,3.5,21.0,0,2,6847.360655737705,0,0.0,8
2025-08-13,15863,15239.0,15558.0,16414.0,16999.0,13576.714285714286,0.0,26.570833333333336,0.2642857142857143,1.5833333333333333,29.5,0,0,6192.406779661017,0,0.0,8
2025-08-14,24253,15970.0,15239.0,15558.0,16414.0,14697.0,0.0,28.275000000000002,0.8857142857142858,1.9875,0.0,0,0,6770.714285714285,0,0.0,8
2025-08-15,21037,14584.0,15970.0,15239.0,15558.0,15449.0,0.0,27.483333333333334,0.7428571428571429,2.4250000000000003,0.0,0,0,7220.118644067797,0,0.0,8
2025-08-17,19193,10743.0,14584.0,15970.0,15239.0,15072.42857142857,0.0,28.34166666666667,0.8571428571428571,2.3583333333333334,0.0,1,0,12127.36507936508,0,10743.0,8
2025-08-18,16136,8417.0,10743.0,14584.0,15970.0,13846.42857142857,0.0,27.541666666666668,0.7285714285714285,2.466666666666667,0.0,0,0,8486.285714285714,0,0.0,8
2025-08-19,13763,7530.0,8417.0,10743.0,14584.0,12577.285714285714,0.0,28.483333333333334,0.6785714285714286,3.079166666666667,0.0,0,0,6847.360655737705,0,0.0,8
2025-08-20,13748,7341.0,7530.0,8417.0,10743.0,11403.42857142857,0.0,28.808333333333334,0.7714285714285715,2.4541666666666666,0.0,0,0,6192.406779661017,0,0.0,8
2025-08-21,12539,6906.0,7341.0,7530.0,8417.0,10213.0,0.0,28.599999999999998,0.7857142857142857,2.470833333333333,0.0,0,0,6770.714285714285,0,0.0,8
2025-08-22,11854,7322.0,6906.0,7341.0,7530.0,8977.57142857143,0.0,28.7375,0.7857142857142857,2.3916666666666666,0.0,0,0,7220.118644067797,0,0.0,8
2025-08-23,15762,8991.0,7322.0,6906.0,7341.0,8178.571428571428,0.0,29.266666666666666,0.7857142857142857,2.5749999999999997,0.0,1,0,11853.169491525423,0,8991.0,8
2025-08-24,18192,10593.0,8991.0,7322.0,6906.0,8157.142857142857,0.0,28.891666666666666,0.7999999999999999,2.0,0.0,1,0,12127.36507936508,0,10593.0,8
2025-08-25,13836,7163.0,10593.0,8991.0,7322.0,7978.0,0.0,28.770833333333332,0.8642857142857142,2.2666666666666666,0.0,0,0,8486.285714285714,0,0.0,8
2025-08-27,8296,6209.0,7163.0,10593.0,8991.0,7789.285714285715,19.5,27.420833333333334,0.16428571428571428,3.5,0.0,0,2,6192.406779661017,0,0.0,8
2025-08-28,9586,5948.0,6209.0,7163.0,10593.0,7590.285714285715,0.0,26.566666666666666,0.7857142857142857,1.8791666666666667,19.5,0,0,6770.714285714285,0,0.0,8
2025-08-29,9707,6221.0,5948.0,6209.0,7163.0,7492.428571428572,0.0,28.108333333333334,0.7571428571428571,2.6,0.0,0,0,7220.118644067797,0,0.0,8
2025-08-31,15328,8127.0,6221.0,5948.0,6209.0,7607.428571428572,0.0,28.349999999999998,0.8428571428571429,2.3958333333333335,0.0,1,0,12127.36507936508,0,8127.0,8
2025-09-01,6793,5657.0,8127.0,6221.0,5948.0,7131.142857142857,0.0,29.90833333333333,0.85,3.3791666666666664,0.0,0,0,8486.285714285714,0,0.0,9
2025-09-02,7047,5186.0,5657.0,8127.0,6221.0,6358.714285714285,2.5,29.633333333333336,0.7357142857142858,3.9458333333333333,0.0,0,1,6847.360655737705,0,0.0,9
2025-09-03,6450,5123.0,5186.0,5657.0,8127.0,6067.285714285715,0.0,26.875,0.40714285714285714,2.558333333333333,2.5,0,0,6192.406779661017,0,0.0,9
2025-09-04,7405,5069.0,5123.0,5186.0,5657.0,5904.428571428572,27.5,27.104166666666668,0.5285714285714286,2.1416666666666666,0.0,0,2,6770.714285714285,0,0.0,9
2025-09-05,6764,5530.0,5069.0,5123.0,5186.0,5844.714285714285,8.5,26.870833333333334,0.42142857142857143,2.529166666666667,27.5,0,1,7220.118644067797,0,0.0,9
2025-09-06,14222,8558.0,5530.0,5069.0,5123.0,6178.571428571428,0.0,25.6875,0.8428571428571429,2.379166666666667,8.5,1,0,11853.169491525423,0,8558.0,9
2025-09-07,14815,8397.0,8558.0,5530.0,5069.0,6217.142857142857,0.0,28.53333333333333,0.5642857142857143,4.004166666666666,0.0,1,0,12127.36507936508,0,8397.0,9
2025-09-08,8002,5596.0,8397.0,8558.0,5530.0,6208.428571428572,40.0,26.895833333333332,0.16428571428571428,2.2041666666666666,0.0,0,2,8486.285714285714,0,0.0,9
2025-09-09,7291,5266.0,5596.0,8397.0,8558.0,6219.857142857143,0.0,27.075,0.40714285714285714,2.3833333333333333,40.0,0,0,6847.360655737705,0,0.0,9
2025-09-11,6520,5402.0,5266.0,5596.0,8397.0,6259.714285714285,49.0,25.829166666666666,0.43571428571428567,2.279166666666667,0.0,0,2,6770.714285714285,0,0.0,9
2025-09-12,6009,6039.0,5402.0,5266.0,5596.0,6398.285714285715,24.5,25.383333333333336,0.03571428571428571,2.058333333333333,49.0,0,2,7220.118644067797,0,0.0,9
2025-09-13,16593,8856.0,6039.0,5402.0,5266.0,6873.428571428572,0.5,27.47083333333333,0.10714285714285714,5.370833333333334,24.5,1,1,11853.169491525423,1,8856.0,9
2025-09-14,17226,9878.0,8856.0,6039.0,5402.0,7062.0,29.5,26.458333333333332,0.0642857142857143,2.25,0.5,1,2,12127.36507936508,2,9878.0,9
2025-09-15,16957,8090.0,9878.0,8856.0,6039.0,7018.142857142857,0.0,27.099999999999998,0.42857142857142855,1.9541666666666666,29.5,1,0,8486.285714285714,0,8090.0,9
2025-09-16,7603,5098.0,8090.0,9878.0,8856.0,6947.0,0.0,26.724999999999998,0.6785714285714286,2.2083333333333335,0.0,0,0,6847.360655737705,0,0.0,9
2025-09-17,7010,4817.0,5098.0,8090.0,9878.0,6882.857142857143,6.5,28.191666666666666,0.7923076923076924,2.591666666666667,0.0,0,1,6192.406779661017,0,0.0,9
2025-09-18,6499,4839.0,4817.0,5098.0,8090.0,6802.428571428572,38.0,24.34166666666667,0.0,3.3791666666666664,6.5,0,2,6770.714285714285,0,0.0,9
2025-09-19,9276,5355.0,4839.0,4817.0,5098.0,6704.714285714285,0.0,23.383333333333336,0.3692307692307692,3.4458333333333333,38.0,0,0,7220.118644067797,0,0.0,9
2025-09-20,12571,7310.0,5355.0,4839.0,4817.0,6483.857142857143,12.0,25.1375,0.1769230769230769,5.629166666666666,0.0,1,2,11853.169491525423,2,7310.0,9
2025-09-21,17204,8406.0,7310.0,5355.0,4839.0,6273.571428571428,10.0,23.1875,0.43846153846153846,3.1166666666666667,12.0,1,1,12127.36507936508,1,8406.0,9
2025-09-22,14198,6556.0,8406.0,7310.0,5355.0,6054.428571428572,0.0,21.733333333333334,0.6307692307692307,2.8874999999999997,10.0,0,0,8486.285714285714,0,0.0,9
2025-09-23,13139,6901.0,6556.0,8406.0,7310.0,6312.0,0.0,22.441666666666666,0.2153846153846154,2.379166666666667,0.0,1,0,6847.360655737705,0,6901.0,9
2025-09-24,10883,4645.0,6901.0,6556.0,8406.0,6287.428571428572,0.0,23.620833333333334,0.47692307692307695,6.1125,0.0,0,0,6192.406779661017,0,0.0,9
2025-09-25,7201,4668.0,4645.0,6901.0,6556.0,6263.0,0.0,22.820833333333336,0.02307692307692308,6.5,0.0,0,0,6770.714285714285,0,0.0,9
2025-09-29,2464,4874.0,4668.0,4645.0,6901.0,6194.285714285715,11.0,23.058333333333334,0.0,3.1041666666666665,0.0,0,2,8486.285714285714,0,0.0,9
2025-09-30,7881,4222.0,4874.0,4668.0,4645.0,5753.142857142857,11.0,21.650000000000002,0.676923076923077,2.1875,11.0,0,2,6847.360655737705,0,0.0,9
2025-10-01,4743,4145.0,4222.0,4874.0,4668.0,5144.428571428572,5.5,21.166666666666668,0.6076923076923078,2.0375,11.0,0,1,6192.406779661017,0,0.0,10
2025-10-02,7139,4317.0,4145.0,4222.0,4874.0,4824.571428571428,0.0,20.575,0.5538461538461539,2.3666666666666667,5.5,0,0,6770.714285714285,0,0.0,10
2025-10-04,9529,6206.0,4317.0,4145.0,4222.0,4725.285714285715,29.0,20.408333333333335,0.0,6.383333333333333,0.0,1,2,11853.169491525423,2,6206.0,10
2025-10-05,10656,6394.0,6206.0,4317.0,4145.0,4975.142857142857,32.0,21.754166666666666,0.0,4.129166666666666,29.0,1,2,12127.36507936508,2,6394.0,10
2025-10-06,9095,4664.0,6394.0,6206.0,4317.0,4974.571428571428,9.5,22.925,0.7,4.425,32.0,0,1,8486.285714285714,0,0.0,10
2025-10-07,6127,4522.0,4664.0,6394.0,6206.0,4924.285714285715,0.0,21.983333333333334,0.3,2.1458333333333335,9.5,0,0,6847.360655737705,0,0.0,10
2025-10-08,7664,4649.0,4522.0,4664.0,6394.0,4985.285714285715,0.0,23.2375,0.03076923076923077,3.2916666666666665,0.0,0,0,6192.406779661017,0,0.0,10
2025-10-09,8099,4938.0,4649.0,4522.0,4664.0,5098.571428571428,0.0,22.025000000000002,0.7230769230769231,5.558333333333334,0.0,0,0,6770.714285714285,0,0.0,10
2025-10-11,16594,8601.0,4938.0,4649.0,4522.0,5710.571428571428,0.5,21.116666666666667,0.0,2.341666666666667,0.0,1,1,11853.169491525423,1,8601.0,10
2025-10-12,16475,9775.0,8601.0,4938.0,4649.0,6220.428571428572,0.0,24.104166666666668,,3.1125000000000003,0.5,1,0,12127.36507936508,0,9775.0,10
2025-10-13,18071,7523.0,9775.0,8601.0,4938.0,6381.714285714285,1.0,22.083333333333332,0.6846153846153846,3.775,0.0,1,1,8486.285714285714,1,7523.0,10
2025-10-14,6879,4458.0,7523.0,9775.0,8601.0,6352.285714285715,21.0,18.979166666666668,0.0,2.0208333333333335,1.0,0,2,6847.360655737705,0,0.0,10
2025-10-15,8133,4442.0,4458.0,7523.0,9775.0,6340.857142857143,0.0,20.858333333333334,0.6416666666666667,2.8208333333333333,21.0,0,0,6192.406779661017,0,0.0,10
2025-10-16,6403,4417.0,4442.0,4458.0,7523.0,6307.714285714285,44.0,21.5,0.0,4.141666666666667,0.0,0,2,6770.714285714285,0,0.0,10
2025-10-17,10941,4657.0,4417.0,4442.0,4458.0,6267.571428571428,0.5,20.854166666666668,0.8833333333333333,3.1999999999999997,44.0,0,1,7220.118644067797,0,0.0,10
2025-10-18,13421,6033.0,4657.0,4417.0,4442.0,5900.714285714285,13.0,21.925,0.325,6.266666666666667,0.5,1,2,11853.169491525423,2,6033.0,10
2025-10-19,17089,6700.0,6033.0,4657.0,4417.0,5461.428571428572,3.0,18.287499999999998,0.0,3.1291666666666664,13.0,1,1,12127.36507936508,1,6700.0,10
2025-10-20,9625,5105.0,6700.0,6033.0,4657.0,5116.0,2.0,17.016666666666666,0.24166666666666667,4.083333333333333,3.0,0,1,8486.285714285714,0,0.0,10
2025-10-21,8610,4081.0,5105.0,6700.0,6033.0,5062.142857142857,0.0,14.354166666666666,0.008333333333333333,4.558333333333333,2.0,0,0,6847.360655737705,0,0.0,10
2025-10-22,8795,3821.0,4081.0,5105.0,6700.0,4973.428571428572,0.0,15.262500000000001,0.0,4.829166666666667,0.0,0,0,6192.406779661017,0,0.0,10
2025-10-23,9817,4353.0,3821.0,4081.0,5105.0,4964.285714285715,0.0,14.420833333333334,0.85,3.1875,0.0,0,0,6770.714285714285,0,0.0,10
2025-10-24,10133,4489.0,4353.0,3821.0,4081.0,4940.285714285715,0.0,15.158333333333333,0.8333333333333334,3.475,0.0,0,0,7220.118644067797,0,0.0,10
2025-10-25,14737,6014.0,4489.0,4353.0,3821.0,4937.571428571428,2.0,14.6875,0.3416666666666666,1.575,0.0,1,1,11853.169491525423,1,6014.0,10
2025-10-26,11729,6351.0,6014.0,4489.0,4353.0,4887.714285714285,29.5,17.0625,0.0,1.6375,2.0,1,2,12127.36507936508,2,6351.0,10
2025-10-27,10064,4869.0,6351.0,6014.0,4489.0,4854.0,8.0,15.979166666666666,0.26666666666666666,3.1,29.5,0,1,8486.285714285714,0,0.0,10
2025-10-28,8292,4094.0,4869.0,6351.0,6014.0,4855.857142857143,2.0,13.424999999999999,0.5416666666666666,3.920833333333333,8.0,0,1,6847.360655737705,0,0.0,10
2025-10-29,8000,4393.0,4094.0,4869.0,6351.0,4937.571428571428,0.5,11.862499999999999,0.7999999999999999,2.845833333333333,2.0,0,1,6192.406779661017,0,0.0,10
2025-10-30,9409,4323.0,4393.0,4094.0,4869.0,4933.285714285715,0.0,12.933333333333332,0.7999999999999999,2.6083333333333334,0.5,0,0,6770.714285714285,0,0.0,10
2025-10-31,8102,4655.0,4323.0,4393.0,4094.0,4957.0,15.0,13.5375,0.0,2.2958333333333334,0.0,0,2,7220.118644067797,0,0.0,10
2025-11-01,13643,6973.0,4655.0,4323.0,4393.0,5094.0,18.0,14.245833333333332,0.3090909090909091,2.5083333333333333,15.0,1,2,11853.169491525423,2,6973.0,11
2025-11-02,18273,8163.0,6973.0,4655.0,4323.0,5352.857142857143,13.0,13.391666666666666,0.2,3.8000000000000003,18.0,1,2,12127.36507936508,2,8163.0,11
2025-11-03,12739,6037.0,8163.0,6973.0,4655.0,5519.714285714285,2.0,11.983333333333334,0.13636363636363635,3.5749999999999997,13.0,1,1,8486.285714285714,1,6037.0,11
2025-11-04,8805,4466.0,6037.0,8163.0,6973.0,5572.857142857143,0.0,10.116666666666667,0.7454545454545454,2.125,2.0,0,0,6847.360655737705,0,0.0,11
2025-11-05,7213,3751.0,4466.0,6037.0,8163.0,5481.142857142857,0.0,13.079166666666667,0.34545454545454546,2.0708333333333333,0.0,0,0,6192.406779661017,0,0.0,11
2025-11-06,9433,3948.0,3751.0,4466.0,6037.0,5427.571428571428,0.0,14.608333333333334,0.58,2.529166666666667,0.0,0,0,6770.714285714285,0,0.0,11
2025-11-07,11778,4565.0,3948.0,3751.0,4466.0,5414.714285714285,0.0,15.237499999999999,0.6727272727272727,3.483333333333333,0.0,0,0,7220.118644067797,0,0.0,11
2025-11-08,17459,5950.0,4565.0,3948.0,3751.0,5268.571428571428,0.0,12.5875,0.6818181818181818,2.1458333333333335,0.0,1,0,11853.169491525423,0,5950.0,11
2025-11-09,9357,6045.0,5950.0,4565.0,3948.0,4966.0,25.5,13.970833333333333,0.0,4.641666666666667,0.0,1,2,12127.36507936508,2,6045.0,11
2025-11-10,12935,4253.0,6045.0,5950.0,4565.0,4711.142857142857,4.0,12.991666666666667,0.32727272727272727,4.2125,25.5,0,1,8486.285714285714,0,0.0,11
2025-11-11,11361,3861.0,4253.0,6045.0,5950.0,4624.714285714285,0.0,11.674999999999999,0.3909090909090909,2.7375000000000003,4.0,0,0,6847.360655737705,0,0.0,11
2025-11-13,10896,3947.0,3861.0,4253.0,6045.0,4652.714285714285,0.0,10.93157894736842,0.11818181818181818,2.268421052631579,0.0,0,0,6770.714285714285,0,0.0,11
2025-11-14,12469,4381.0,3947.0,3861.0,4253.0,4714.571428571428,0.0,11.566666666666668,0.8090909090909091,3.5,0.0,0,0,7220.118644067797,0,0.0,11
2025-11-15,17678,6233.0,4381.0,3947.0,3861.0,4952.857142857143,0.0,10.429166666666667,0.7454545454545454,2.75,0.0,1,0,11853.169491525423,0,6233.0,11
2025-11-16,17644,9271.0,6233.0,4381.0,3947.0,5427.285714285715,0.0,11.441666666666668,0.8090909090909091,3.3375,0.0,1,0,12127.36507936508,0,9271.0,11
2025-11-17,11963,5182.0,9271.0,6233.0,4381.0,5304.0,0.0,13.691666666666668,0.4454545454545455,5.891666666666667,0.0,0,0,8486.285714285714,0,0.0,11
2025-11-18,8542,4350.0,5182.0,9271.0,6233.0,5317.857142857143,7.0,9.0,0.2727272727272727,4.579166666666667,0.0,0,1,6847.360655737705,0,0.0,11
2025-11-19,10442,4126.0,4350.0,5182.0,9271.0,5355.714285714285,0.0,7.541666666666667,0.0,2.441666666666667,7.0,0,0,6192.406779661017,0,0.0,11
2025-11-20,11392,4333.0,4126.0,4350.0,5182.0,5410.857142857143,1.5,9.216666666666667,0.6636363636363636,4.658333333333333,0.0,0,1,6770.714285714285,0,0.0,11
2025-11-21,10698,5202.0,4333.0,4126.0,4350.0,5528.142857142857,11.0,11.691666666666668,0.1,5.254166666666666,1.5,0,2,7220.118644067797,0,0.0,11
2025-11-22,16539,8011.0,5202.0,4333.0,4126.0,5782.142857142857,0.0,11.308333333333332,0.4090909090909091,2.7458333333333336,11.0,1,0,11853.169491525423,0,8011.0,11
2025-11-23,17701,9074.0,8011.0,5202.0,4333.0,5754.0,0.0,9.904166666666667,0.7636363636363637,4.004166666666666,0.0,1,0,12127.36507936508,0,9074.0,11
2025-11-24,17937,6309.0,9074.0,8011.0,5202.0,5915.0,0.0,11.166666666666666,0.5545454545454546,3.795833333333333,0.0,1,0,8486.285714285714,0,6309.0,11
2025-11-25,7645,3849.0,6309.0,9074.0,8011.0,5843.428571428572,11.5,10.375,0.10909090909090909,5.029166666666667,0.0,0,2,6847.360655737705,0,0.0,11
2025-11-26,8832,2875.0,3849.0,6309.0,9074.0,5664.714285714285,32.5,10.016666666666667,0.3090909090909091,3.6166666666666667,11.5,0,2,6192.406779661017,0,0.0,11
2025-11-27,8501,3303.0,2875.0,3849.0,6309.0,5517.571428571428,1.0,11.083333333333334,0.5818181818181818,5.433333333333334,32.5,0,1,6770.714285714285,0,0.0,11
2025-11-28,8348,3404.0,3303.0,2875.0,3849.0,5260.714285714285,9.5,11.025,0.09090909090909091,5.2250000000000005,1.0,0,1,7220.118644067797,0,0.0,11
2025-11-29,16116,5097.0,3404.0,3303.0,2875.0,4844.428571428572,1.0,8.75,0.7181818181818183,3.216666666666667,9.5,1,1,11853.169491525423,1,5097.0,11
2025-11-30,17078,5072.0,5097.0,3404.0,3303.0,4272.714285714285,0.0,10.529166666666667,0.8,5.3,1.0,1,0,12127.36507936508,0,5072.0,11
2025-12-01,6668,3011.0,5072.0,5097.0,3404.0,3801.5714285714284,0.5,12.970833333333333,0.15454545454545454,4.408333333333333,0.0,0,1,8486.285714285714,0,0.0,12
2025-12-02,7237,2645.0,3011.0,5072.0,5097.0,3629.5714285714284,0.0,12.304166666666667,0.16363636363636364,3.3708333333333336,0.5,0,0,6847.360655737705,0,0.0,12
2025-12-03,5029,2591.0,2645.0,3011.0,5072.0,3589.0,4.0,7.95,0.0,6.1625000000000005,0.0,0,1,6192.406779661017,0,0.0,12
2025-12-04,5075,2553.0,2591.0,2645.0,3011.0,3481.8571428571427,20.5,2.795833333333333,0.06363636363636363,5.875,4.0,0,2,6770.714285714285,0,0.0,12
2025-12-05,5403,3191.0,2553.0,2591.0,2645.0,3451.4285714285716,33.5,3.591666666666667,0.06363636363636364,4.1499999999999995,20.5,0,2,7220.118644067797,0,0.0,12
2025-12-06,14050,4032.0,3191.0,2553.0,2591.0,3299.285714285714,0.0,5.633333333333333,0.6181818181818182,5.3500000000000005,33.5,1,0,11853.169491525423,0,4032.0,12
2025-12-07,14995,4240.0,4032.0,3191.0,2553.0,3180.4285714285716,3.5,8.629166666666666,0.2545454545454546,5.129166666666666,0.0,1,1,12127.36507936508,1,4240.0,12
2025-12-08,6400,2915.0,4240.0,4032.0,3191.0,3166.714285714286,0.5,9.554166666666667,0.0,5.9375,3.5,0,1,8486.285714285714,0,0.0,12
2025-12-09,6187,2625.0,2915.0,4240.0,4032.0,3163.8571428571427,0.5,7.679166666666667,0.1272727272727273,2.7875,0.5,0,1,6847.360655737705,0,0.0,12
2025-12-10,6076,2443.0,2625.0,2915.0,4240.0,3142.714285714286,2.0,6.7124999999999995,0.24545454545454548,3.1999999999999997,0.5,0,1,6192.406779661017,0,0.0,12
2025-12-11,5658,2643.0,2443.0,2625.0,2915.0,3155.5714285714284,9.5,9.137500000000001,0.5272727272727272,6.8125,2.0,0,1,6770.714285714285,0,0.0,12
2025-12-12,5910,2606.0,2643.0,2443.0,2625.0,3072.0,2.0,4.158333333333333,0.07272727272727274,6.245833333333334,9.5,0,1,7220.118644067797,0,0.0,12
2025-12-13,13508,3747.0,2606.0,2643.0,2443.0,3031.285714285714,0.5,4.395833333333333,0.8,2.6083333333333334,2.0,1,1,11853.169491525423,1,3747.0,12
2025-12-14,6155,3825.0,3747.0,2606.0,2643.0,2972.0,19.0,7.929166666666667,0.018181818181818184,5.954166666666667,0.5,1,2,12127.36507936508,2,3825.0,12
2025-12-15,6241,2650.0,3825.0,3747.0,2606.0,2934.1428571428573,1.0,7.458333333333333,0.35454545454545455,5.7124999999999995,19.0,0,1,8486.285714285714,0,0.0,12
2025-12-16,4922,2483.0,2650.0,3825.0,3747.0,2913.8571428571427,20.5,6.041666666666667,0.15,3.720833333333333,1.0,0,2,6847.360655737705,0,0.0,12
2025-12-17,2714,2590.0,2483.0,2650.0,3825.0,2934.8571428571427,25.0,8.1,0.12,5.3625,20.5,0,2,6192.406779661017,0,0.0,12
2025-12-18,4865,2642.0,2590.0,2483.0,2650.0,2934.714285714286,3.5,6.216666666666666,0.75,3.6875,25.0,0,1,6770.714285714285,0,0.0,12
2025-12-19,5506,2841.0,2642.0,2590.0,2483.0,2968.285714285714,0.0,7.9375,0.85,4.8875,3.5,0,0,7220.118644067797,0,0.0,12
2025-12-20,12766,4016.0,2841.0,2642.0,2590.0,3006.714285714286,0.0,14.866666666666667,0.62,6.991666666666667,0.0,1,0,11853.169491525423,0,4016.0,12
2025-12-21,6085,3913.0,4016.0,2841.0,2642.0,3019.285714285714,17.0,12.283333333333333,0.0,4.970833333333333,0.0,1,2,12127.36507936508,2,3913.0,12
2025-12-22,5287,2786.0,3913.0,4016.0,2841.0,3038.714285714286,15.5,5.670833333333333,0.03,5.1000000000000005,17.0,0,2,8486.285714285714,0,0.0,12
2025-12-23,4950,2634.0,2786.0,3913.0,4016.0,3060.285714285714,0.0,5.229166666666667,0.6900000000000001,2.8166666666666664,15.5,0,0,6847.360655737705,0,0.0,12
2025-12-24,4944,2324.0,2634.0,2786.0,3913.0,3022.285714285714,8.0,11.716666666666667,0.01,3.6750000000000003,0.0,0,1,6192.406779661017,0,0.0,12
2025-12-25,2849,2771.0,2324.0,2634.0,2786.0,3040.714285714286,21.0,9.6875,0.0,4.3875,8.0,0,2,6770.714285714285,0,0.0,12
2025-12-26,4278,3065.0,2771.0,2324.0,2634.0,3072.714285714286,14.5,3.5541666666666667,0.0,8.025,21.0,0,3,7220.118644067797,0,0.0,12
2025-12-28,16187,5793.0,3065.0,2771.0,2324.0,3326.5714285714284,3.5,4.270833333333333,0.37,3.6333333333333333,14.5,1,1,12127.36507936508,1,5793.0,12
2025-12-29,16965,5567.0,5793.0,3065.0,2771.0,3562.8571428571427,14.5,6.779166666666666,0.48,6.191666666666666,3.5,0,2,8486.285714285714,0,0.0,12
2025-12-30,16746,4689.0,5567.0,5793.0,3065.0,3834.714285714286,7.5,8.141666666666667,0.07,4.883333333333334,14.5,0,1,6847.360655737705,0,0.0,12
2025-12-31,13837,2776.0,4689.0,5567.0,5793.0,3855.0,9.0,5.204166666666667,0.04,4.4624999999999995,7.5,0,1,6192.406779661017,0,0.0,12
2026-01-01,14010,3489.0,2776.0,4689.0,5567.0,4021.4285714285716,8.5,3.0833333333333335,0.06999999999999999,3.525,9.0,1,1,6770.714285714285,1,3489.0,1
2026-01-02,8276,4885.0,3489.0,2776.0,4689.0,4323.428571428572,39.0,0.5583333333333333,0.0,3.345833333333333,8.5,0,2,7220.118644067797,0,0.0,1
2026-01-03,11086,4710.0,4885.0,3489.0,2776.0,4558.428571428572,3.5,3.9125,0.05,5.408333333333334,39.0,1,1,11853.169491525423,1,4710.0,1
2026-01-04,7497,4432.0,4710.0,4885.0,3489.0,4364.0,4.0,1.7083333333333333,0.0,4.929166666666666,3.5,1,1,12127.36507936508,1,4432.0,1
2026-01-05,3090,3537.0,4432.0,4710.0,4885.0,4074.0,27.0,3.85,0.06,6.183333333333334,4.0,0,2,8486.285714285714,0,0.0,1
2026-01-07,3696,3232.0,3537.0,4432.0,4710.0,3865.8571428571427,10.0,4.9624999999999995,0.29,5.254166666666666,27.0,0,1,6192.406779661017,0,0.0,1
2026-01-08,1883,3152.0,3232.0,3537.0,4432.0,3919.5714285714284,5.5,3.283333333333333,0.02,6.6375,10.0,0,1,6770.714285714285,0,0.0,1
2026-01-09,3303,3475.0,3152.0,3232.0,3537.0,3917.5714285714284,0.0,3.275,0.31,4.941666666666666,5.5,0,0,7220.118644067797,0,0.0,1
2026-01-10,9191,4739.0,3475.0,3152.0,3232.0,3896.714285714286,2.5,7.141666666666667,0.62,8.0375,0.0,1,2,11853.169491525423,2,4739.0,1
2026-01-11,5450,4668.0,4739.0,3475.0,3152.0,3890.714285714286,4.5,3.8125,0.030000000000000006,9.2875,2.5,1,2,12127.36507936508,2,4668.0,1
2026-01-12,3145,4627.0,4668.0,4739.0,3475.0,3918.5714285714284,6.5,0.7833333333333333,0.01,5.029166666666667,4.5,1,1,8486.285714285714,1,4627.0,1
2026-01-13,2648,3468.0,4627.0,4668.0,4739.0,3908.714285714286,6.5,4.320833333333334,0.17,7.254166666666666,6.5,0,1,6847.360655737705,0,0.0,1
2026-01-14,3130,3370.0,3468.0,4627.0,4668.0,3928.4285714285716,10.5,2.6958333333333333,0.039999999999999994,4.7250000000000005,6.5,0,2,6192.406779661017,0,0.0,1
2026-01-15,3154,3576.0,3370.0,3468.0,4627.0,3989.0,6.0,5.266666666666667,0.11000000000000001,6.920833333333333,10.5,0,1,6770.714285714285,0,0.0,1
2026-01-16,4455,3752.0,3576.0,3370.0,3468.0,4028.5714285714284,0.5,8.645833333333334,0.7727272727272727,2.85,6.0,0,1,7220.118644067797,0,0.0,1
2026-01-17,8466,5307.0,3752.0,3576.0,3370.0,4109.714285714285,0.0,7.204166666666667,0.2636363636363636,4.425,0.5,1,0,11853.169491525423,0,5307.0,1
2026-01-18,10323,5306.0,5307.0,3752.0,3576.0,4200.857142857143,0.0,5.8500000000000005,0.8181818181818182,4.141666666666667,0.0,1,0,12127.36507936508,0,5306.0,1
2026-01-19,5609,3621.0,5306.0,5307.0,3752.0,4057.1428571428573,4.5,7.3875,0.22727272727272727,4.066666666666666,0.0,0,1,8486.285714285714,0,0.0,1
2026-01-20,3015,3478.0,3621.0,5306.0,5307.0,4058.5714285714284,6.0,2.9,0.009090909090909092,6.691666666666666,4.5,0,1,6847.360655737705,0,0.0,1
2026-01-21,2538,3168.0,3478.0,3621.0,5306.0,4029.714285714286,11.0,0.4291666666666667,0.20909090909090908,4.508333333333334,6.0,0,2,6192.406779661017,0,0.0,1
2026-01-22,1663,3325.0,3168.0,3478.0,3621.0,3993.8571428571427,3.0,0.0,0.06363636363636363,5.420833333333333,11.0,0,1,6770.714285714285,0,0.0,1
2026-01-23,2150,3655.0,3325.0,3168.0,3478.0,3980.0,15.0,0.2125,0.09090909090909091,3.8166666666666664,3.0,0,2,7220.118644067797,0,0.0,1
2026-01-24,4435,4419.0,3655.0,3325.0,3168.0,3853.1428571428573,13.5,1.7958333333333334,0.07272727272727274,4.641666666666667,15.0,1,2,11853.169491525423,2,4419.0,1
2026-01-25,3234,4388.0,4419.0,3655.0,3325.0,3722.0,7.0,0.9583333333333334,0.03636363636363637,6.458333333333333,13.5,1,1,12127.36507936508,1,4388.0,1
2026-01-26,3525,3679.0,4388.0,4419.0,3655.0,3730.285714285714,2.0,0.09583333333333333,0.1,3.891666666666667,7.0,0,1,8486.285714285714,0,0.0,1
2026-01-27,1987,3053.0,3679.0,4388.0,4419.0,3669.5714285714284,5.5,1.6166666666666665,0.0,4.808333333333333,2.0,0,1,6847.360655737705,0,0.0,1
2026-01-28,1501,3041.0,3053.0,3679.0,4388.0,3651.4285714285716,2.0,1.570833333333333,0.09090909090909091,3.1750000000000003,5.5,0,1,6192.406779661017,0,0.0,1
2026-01-29,3066,3067.0,3041.0,3053.0,3679.0,3614.5714285714284,11.0,1.0291666666666666,0.008333333333333333,3.608333333333333,2.0,0,2,6770.714285714285,0,0.0,1
2026-01-30,4224,3463.0,3067.0,3041.0,3053.0,3587.1428571428573,0.5,1.7208333333333332,0.016666666666666666,4.808333333333334,11.0,0,1,7220.118644067797,0,0.0,1
2026-01-31,6577,4714.0,3463.0,3067.0,3041.0,3629.285714285714,2.5,1.9916666666666665,0.27499999999999997,4.2,0.5,1,1,11853.169491525423,1,4714.0,1
2026-02-01,4844,4571.0,4714.0,3463.0,3067.0,3655.4285714285716,13.5,1.3125,0.1416666666666667,3.6875,2.5,1,2,12127.36507936508,2,4571.0,2
2026-02-02,3871,3369.0,4571.0,4714.0,3463.0,3611.1428571428573,12.0,0.9249999999999999,0.05000000000000001,3.3166666666666664,13.5,0,2,8486.285714285714,0,0.0,2
2026-02-03,3268,3312.0,3369.0,4571.0,4714.0,3648.1428571428573,1.5,1.0875000000000001,0.008333333333333333,2.9875000000000003,12.0,0,1,6847.360655737705,0,0.0,2
2026-02-04,3166,3386.0,3312.0,3369.0,4571.0,3697.4285714285716,0.0,2.8333333333333335,0.008333333333333333,5.529166666666666,1.5,0,0,6192.406779661017,0,0.0,2
2026-02-05,4125,3257.0,3386.0,3312.0,3369.0,3724.5714285714284,0.0,5.341666666666666,0.31666666666666665,4.245833333333333,0.0,0,0,6770.714285714285,0,0.0,2
2026-02-06,4383,3616.0,3257.0,3386.0,3312.0,3746.4285714285716,6.5,3.3874999999999997,0.0,4.104166666666667,0.0,0,1,7220.118644067797,0,0.0,2
2026-02-07,7353,4627.0,3616.0,3257.0,3386.0,3734.0,8.0,0.3875,0.09999999999999999,5.804166666666667,6.5,1,1,11853.169491525423,1,4627.0,2
2026-02-08,3593,4230.0,4627.0,3616.0,3257.0,3685.285714285714,12.5,-1.5999999999999999,0.041666666666666664,8.387500000000001,8.0,1,3,12127.36507936508,3,4230.0,2
2026-02-09,6172,3432.0,4230.0,4627.0,3616.0,3694.285714285714,2.5,1.7541666666666667,0.43333333333333335,4.7124999999999995,12.5,0,1,8486.285714285714,0,0.0,2
2026-02-10,4112,3573.0,3432.0,4230.0,4627.0,3731.5714285714284,0.0,2.8874999999999997,0.3416666666666666,5.520833333333333,2.5,0,0,6847.360655737705,0,0.0,2
2026-02-11,4742,4777.0,3573.0,3432.0,4230.0,3930.285714285714,12.5,5.204166666666667,0.03333333333333333,3.5708333333333333,0.0,1,2,6192.406779661017,2,4777.0,2
2026-02-12,5948,0.0,4777.0,3573.0,3432.0,3465.0,1.5,4.304166666666666,0.6333333333333333,2.7083333333333335,12.5,0,1,6770.714285714285,0,0.0,2
2026-02-13,5849,,0.0,4777.0,3573.0,3439.8333333333335,0.5,5.141666666666667,0.35000000000000003,3.641666666666667,1.5,0,1,7220.118644067797,0,0.0,2
2026-02-14,11016,,,0.0,4777.0,3202.4,0.0,7.370833333333334,0.6666666666666666,3.9166666666666665,0.5,1,0,11853.169491525423,0,0.0,2
2026-02-15,12360,,,,0.0,2945.5,0.0,10.299999999999999,0.3833333333333333,3.4416666666666664,0.0,1,0,12127.36507936508,0,0.0,2
2026-02-16,5797,,,,,2783.3333333333335,0.0,6.133333333333333,0.03333333333333333,4.441666666666666,0.0,0,0,8486.285714285714,0,0.0,2
2026-02-17,6308,,,,,2388.5,0.0,3.6166666666666667,0.5416666666666666,2.558333333333333,0.0,0,0,6847.360655737705,0,0.0,2
2026-02-18,5992,,,,,0.0,0.5,3.275,0.20000000000000004,6.183333333333334,0.0,0,1,6192.406779661017,0,0.0,2
2026-02-19,5294,,,,,,0.0,2.4458333333333333,0.6,3.975,0.5,0,0,6770.714285714285,0,0.0,2
2026-02-20,7102,,,,,,0.0,3.6041666666666665,0.6333333333333333,3.75,0.0,0,0,7220.118644067797,0,0.0,2
2026-02-21,16856,,,,,,0.0,7.458333333333333,0.85,3.891666666666667,0.0,1,0,11853.169491525423,0,0.0,2
2026-02-22,20054,,,,,,0.0,13.304166666666667,0.85,8.995833333333334,0.0,1,1,12127.36507936508,1,0.0,2
2026-02-23,14827,,,,,,7.0,8.841666666666667,0.3416666666666666,3.591666666666667,0.0,1,1,8486.285714285714,1,0.0,2
2026-02-24,7148,,,,,,4.0,7.133333333333333,0.5083333333333333,2.9166666666666665,7.0,0,1,6847.360655737705,0,0.0,2
2026-02-25,6614,,,,,,20.5,8.570833333333333,0.016666666666666666,3.8791666666666664,4.0,0,2,6192.406779661017,0,0.0,2
2026-02-26,6908,,,,,,0.0,9.229166666666666,0.0,1.6624999999999999,20.5,0,0,6770.714285714285,0,0.0,2
2026-02-27,8084,,,,,,0.0,9.691666666666666,0.016666666666666666,1.9541666666666666,0.0,0,0,7220.118644067797,0,0.0,2
2026-02-28,7042,,,,,,3.5,8.854166666666666,0.0,5.358333333333333,0.0,1,1,11853.169491525423,1,0.0,2
2026-03-01,14631,,,,,,0.0,8.0,0.8416666666666667,4.020833333333333,3.5,1,0,12127.36507936508,0,0.0,3
2026-03-02,7189,,,,,,0.0,7.266666666666667,0.4083333333333334,2.8958333333333335,0.0,0,0,8486.285714285714,0,0.0,3
2026-03-03,3083,,,,,,27.5,8.104166666666666,0.0,3.4,0.0,0,2,6847.360655737705,0,0.0,3
2026-03-04,4996,,,,,,2.5,6.9125000000000005,0.3,5.866666666666667,27.5,0,1,6192.406779661017,0,0.0,3
2026-03-05,7672,,,,,,0.0,6.195833333333333,0.47500000000000003,3.3874999999999997,2.5,0,0,6770.714285714285,0,0.0,3
2026-03-06,9149,,,,,,0.0,2.4,,2.1,0.0,0,0,7220.118644067797,0,0.0,3
2026-03-07,11297,,,,,,,,,,0.0,1,0,11853.169491525423,0,0.0,3
2026-03-08,14378,,,,,,,,,,,1,0,12127.36507936508,0,0.0,3
2026-03-09,9596,,,,,,,,,,,0,0,8486.285714285714,0,0.0,3
2026-03-10,7245,,,,,,,,,,,0,0,6847.360655737705,0,0.0,3
